Workbook

Sheet Read Me
A1: Chart Decoder: Master Term List
A2: One list for every condition. Every row is one term; the game reads from this list. Phase 1 starts with HTN.
A4: How to use
A5: Where to edit | B5: The Terms sheet. Add rows at the bottom; keep one term per row.
A6: Starter rows | B6: Drafted to show the format. Definitions, levels and example sentences are drafts: verify each against its source, then set Status to Verified.
A7: Example sentences | B7: Illustrative, not quoted. Replace with real examples from MTSamples where you can.
A8: Dropdowns | B8: Category, Level and Status use dropdown lists so the game can filter on them.
A9: Adding conditions | B9: Add rows to the same sheet and set Condition to DM, Stroke, etc. A term shared by several conditions stays one row; list them all, e.g. HTN, Stroke.
A10: General terms | B10: Terms that apply everywhere (hx, Pt, PO) use Condition = All. These also feed the bootcamp.
A12: Columns
A13: Term | B13: The word or phrase as players will see it; include the abbreviation in parentheses.
A14: Condition | B14: Which condition(s) the term belongs to: HTN, DM, Stroke, or All. Separate several with commas.
A15: Category | B15: Disease, Medication, Sign / symptom, Lab / test, or Abbreviation.
A16: Level | B16: Basic, Intermediate, or Advanced. Drives progression.
A17: Plain-language definition | B17: One or two sentences an IT-background learner can follow.
A18: Example from a note | B18: How the term appears in a chart.
A19: Source | B19: Where the term comes from: ICD-10-CM, RxNorm or MTSamples. "Draft example" means the example sentence is a placeholder; replace it with a real line from MTSamples, then update Source.
A20: Related term / Relationship | B20: Optional links between terms (e.g., Lisinopril | Member of class | ACE inhibitor). Feeds smarter progression later.
A21: Status | B21: Draft, Verified, or Needs review.

Sheet Terms
A1: Term | B1: Condition | C1: Category | D1: Level | E1: Plain-language definition | F1: Example from a note | G1: Source | H1: Related term | I1: Relationship | J1: Status
A2: Hypertension (HTN) | B2: HTN | C2: Disease | D2: Basic | E2: Blood pressure that stays higher than normal over time. | F2: Pt has a hx of HTN, well controlled on lisinopril. | G2: ICD-10-CM (I10) | H2: Lisinopril | I2: Treated by | J2: Draft
A3: Hypertensive urgency | B3: HTN | C3: Disease | D3: Advanced | E3: Very high blood pressure without signs of new organ damage. | F3: BP 192/118 on arrival; no chest pain or neuro deficits. Hypertensive urgency. | G3: ICD-10-CM (I16.0) | H3: Hypertension (HTN) | I3: Type of | J3: Draft
A4: Hypertensive emergency | B4: HTN | C4: Disease | D4: Advanced | E4: Very high blood pressure with signs of new organ damage, such as to the heart, brain or kidneys. | F4: Hypertensive emergency with acute kidney injury; admitted to ICU. | G4: ICD-10-CM (I16.1) | H4: Hypertension (HTN) | I4: Type of | J4: Draft
A5: Left ventricular hypertrophy (LVH) | B5: HTN | C5: Disease | D5: Advanced | E5: Thickening of the wall of the heart's main pumping chamber, often from years of high blood pressure. | F5: Echo shows mild LVH, likely 2/2 longstanding HTN. | G5: ICD-10-CM | H5: Hypertension (HTN) | I5: Complication of | J5: Draft
A6: Chronic kidney disease (CKD) | B6: HTN, DM | C6: Disease | D6: Intermediate | E6: Long-term loss of kidney function. High blood pressure is a leading cause. | F6: CKD stage 3, followed by nephrology. | G6: ICD-10-CM | H6: Hypertension (HTN) | I6: Complication of | J6: Draft
A7: Stroke (CVA) | B7: HTN, Stroke | C7: Disease | D7: Intermediate | E7: Brain injury from blocked or bleeding blood flow. High blood pressure raises the risk. | F7: PMH: HTN, prior CVA without residual deficits. | G7: ICD-10-CM | H7: Hypertension (HTN) | I7: Risk raised by | J7: Draft
A8: ACE inhibitor | B8: HTN | C8: Medication | D8: Intermediate | E8: A class of medicines that relax blood vessels by blocking a hormone that narrows them. | F8: Started on an ACE inhibitor for BP control. | G8: RxNorm (drug class) | H8: Lisinopril | I8: Includes | J8: Draft
A9: Lisinopril | B9: HTN | C9: Medication | D9: Intermediate | E9: An ACE inhibitor commonly used to treat high blood pressure. | F9: Continue lisinopril 10 mg PO daily. | G9: RxNorm | H9: ACE inhibitor | I9: Member of class | J9: Draft
A10: ARB (angiotensin II receptor blocker) | B10: HTN | C10: Medication | D10: Intermediate | E10: A class of medicines that relax blood vessels; often used if an ACE inhibitor causes a cough. | F10: Switched from ACE inhibitor to ARB due to cough. | G10: RxNorm (drug class) | H10: Losartan | I10: Includes | J10: Draft
A11: Losartan | B11: HTN | C11: Medication | D11: Intermediate | E11: An ARB used to treat high blood pressure. | F11: Losartan 50 mg PO daily. | G11: RxNorm | H11: ARB (angiotensin II receptor blocker) | I11: Member of class | J11: Draft
A12: Thiazide diuretic | B12: HTN | C12: Medication | D12: Intermediate | E12: A 'water pill' that helps the kidneys remove extra salt and water, lowering blood pressure. | F12: Add a thiazide diuretic if BP remains above goal. | G12: RxNorm (drug class) | H12: Hydrochlorothiazide (HCTZ) | I12: Includes | J12: Draft
... A26: Echocardiogram (echo) | B26: HTN | C26: Lab / test | D26: Advanced | E26: An ultrasound of the heart that shows its structure and pumping. | F26: Echo ordered to evaluate for LVH. | G26: Draft example | H26: Left ventricular hypertrophy (LVH) | I26: Can detect | J26: Draft
A27: hx | B27: All | C27: Abbreviation | D27: Basic | E27: History (e.g., a past condition). | F27: hx of HTN x 10 years. | G27: Draft example | J27: Draft
A28: Pt | B28: All | C28: Abbreviation | D28: Basic | E28: Patient. | F28: Pt is a 58 y/o M with HTN. | G28: Draft example | J28: Draft
A29: PMH | B29: All | C29: Abbreviation | D29: Basic | E29: Past medical history: the patient's previous and ongoing conditions. | F29: PMH: HTN, HLD, T2DM. | G29: Draft example | J29: Draft
A30: PO | B30: All | C30: Abbreviation | D30: Intermediate | E30: By mouth (from Latin 'per os'). | F30: Lisinopril 10 mg PO daily. | G30: Draft example | J30: Draft
A31: 2/2 | B31: All | C31: Abbreviation | D31: Advanced | E31: Secondary to; caused by. | F31: LVH 2/2 longstanding HTN. | G31: Draft example | J31: Draft

Sheet Coverage
A1: Coverage so far: terms by category and level
A2: Type a condition in B3 (e.g., HTN). Counts include that condition plus terms marked All.
A3: Condition | B3: HTN
A5: Category | B5: Basic | C5: Intermediate | D5: Advanced | E5: Total
A6: Disease | B6: =COUNTIFS(Terms!$C:$C,$A6,Terms!$D:$D,"Basic",Terms!$B:$B,"*"&$B$3&"*")+COUNTIFS(Terms!$C:$C,$A6,Terms!$D:$D,"Basic",Terms!$B:$B,"All") -> 1 | C6: =COUNTIFS(Terms!$C:$C,$A6,Terms!$D:$D,"Intermediate",Terms!$B:$B,"*"&$B$3&"*")+COUNTIFS(Terms!$C:$C,$A6,Terms!$D:$D,"Intermediate",Terms!$B:$B,"All") -> 2 | D6: =COUNTIFS(Terms!$C:$C,$A6,Terms!$D:$D,"Advanced",Terms!$B:$B,"*"&$B$3&"*")+COUNTIFS(Terms!$C:$C,$A6,Terms!$D:$D,"Advanced",Terms!$B:$B,"All") -> 3 | E6: =SUM(B6:D6) -> 6
A7: Medication | B7: =COUNTIFS(Terms!$C:$C,$A7,Terms!$D:$D,"Basic",Terms!$B:$B,"*"&$B$3&"*")+COUNTIFS(Terms!$C:$C,$A7,Terms!$D:$D,"Basic",Terms!$B:$B,"All") -> 0 | C7: =COUNTIFS(Terms!$C:$C,$A7,Terms!$D:$D,"Intermediate",Terms!$B:$B,"*"&$B$3&"*")+COUNTIFS(Terms!$C:$C,$A7,Terms!$D:$D,"Intermediate",Terms!$B:$B,"All") -> 8 | D7: =COUNTIFS(Terms!$C:$C,$A7,Terms!$D:$D,"Advanced",Terms!$B:$B,"*"&$B$3&"*")+COUNTIFS(Terms!$C:$C,$A7,Terms!$D:$D,"Advanced",Terms!$B:$B,"All") -> 0 | E7: =SUM(B7:D7) -> 8
A8: Sign / symptom | B8: =COUNTIFS(Terms!$C:$C,$A8,Terms!$D:$D,"Basic",Terms!$B:$B,"*"&$B$3&"*")+COUNTIFS(Terms!$C:$C,$A8,Terms!$D:$D,"Basic",Terms!$B:$B,"All") -> 1 | C8: =COUNTIFS(Terms!$C:$C,$A8,Terms!$D:$D,"Intermediate",Terms!$B:$B,"*"&$B$3&"*")+COUNTIFS(Terms!$C:$C,$A8,Terms!$D:$D,"Intermediate",Terms!$B:$B,"All") -> 2 | D8: =COUNTIFS(Terms!$C:$C,$A8,Terms!$D:$D,"Advanced",Terms!$B:$B,"*"&$B$3&"*")+COUNTIFS(Terms!$C:$C,$A8,Terms!$D:$D,"Advanced",Terms!$B:$B,"All") -> 0 | E8: =SUM(B8:D8) -> 3
A9: Lab / test | B9: =COUNTIFS(Terms!$C:$C,$A9,Terms!$D:$D,"Basic",Terms!$B:$B,"*"&$B$3&"*")+COUNTIFS(Terms!$C:$C,$A9,Terms!$D:$D,"Basic",Terms!$B:$B,"All") -> 3 | C9: =COUNTIFS(Terms!$C:$C,$A9,Terms!$D:$D,"Intermediate",Terms!$B:$B,"*"&$B$3&"*")+COUNTIFS(Terms!$C:$C,$A9,Terms!$D:$D,"Intermediate",Terms!$B:$B,"All") -> 4 | D9: =COUNTIFS(Terms!$C:$C,$A9,Terms!$D:$D,"Advanced",Terms!$B:$B,"*"&$B$3&"*")+COUNTIFS(Terms!$C:$C,$A9,Terms!$D:$D,"Advanced",Terms!$B:$B,"All") -> 1 | E9: =SUM(B9:D9) -> 8
A10: Abbreviation | B10: =COUNTIFS(Terms!$C:$C,$A10,Terms!$D:$D,"Basic",Terms!$B:$B,"*"&$B$3&"*")+COUNTIFS(Terms!$C:$C,$A10,Terms!$D:$D,"Basic",Terms!$B:$B,"All") -> 3 | C10: =COUNTIFS(Terms!$C:$C,$A10,Terms!$D:$D,"Intermediate",Terms!$B:$B,"*"&$B$3&"*")+COUNTIFS(Terms!$C:$C,$A10,Terms!$D:$D,"Intermediate",Terms!$B:$B,"All") -> 1 | D10: =COUNTIFS(Terms!$C:$C,$A10,Terms!$D:$D,"Advanced",Terms!$B:$B,"*"&$B$3&"*")+COUNTIFS(Terms!$C:$C,$A10,Terms!$D:$D,"Advanced",Terms!$B:$B,"All") -> 1 | E10: =SUM(B10:D10) -> 5
A11: Total | B11: =SUM(B6:B10) -> 8 | C11: =SUM(C6:C10) -> 17 | D11: =SUM(D6:D10) -> 5 | E11: =SUM(E6:E10) -> 30
